nomeDemanda,funcionario
MAGALU,
MICKEY SAFARI BEGE,AND
TURMA BOB ESPONJA TOPO ABACAXI,AND
HOTWHEELS ANTIGO,R
BARBIE,J
ONE PIECE,B
HOTWHEELS ANTIGO,M
TURMA GALINHA PINTADINHA TOPO ANTIGO,AND
URSINHO POOH,B
MARSHA E O URSO AMARELO E ROSA,C
POOL PARTY NOVO,M
POOL PARTY,M
MERCADO LIVRE,
NEON NOVO,J
HOMEM DE FERRO,AND
STITCH,P
AZUL MARINHO FLORAL,P
STITCH E ANGEL AQUARELA,AND
BRANCA DE NEVE BRANCA,AND
STITCH E ANGEL,P
FROZEN CLASSICO,AND
STITCH LILAS,E
SONIC AZUL,S
HOTWHEELS NOVO,E
ABC,R
FUNDO DO MAR AQUARELA,M
TRANSFORMERS,P
BORBOLETAS,AND
CINDERELA,B
CASA MAGICA GABY NOVA,J
BOLOFOFOS NOVO,M
TURMA SONIC,C
DEGRADE ROSA,S
BOTECO BARRIL,P
TARDEZINHA,J
STITCH UNISEX,C
SKYE EVEREST AQUARELA NOVA,S
MORANGUINHO ADULTA,R
RAPUNZEL ANTIGO,B
BAILARINA RUIVA,M
URSINHA REALEZA,E
PRINCESA SOFIA,C
BARBIE,S
MINNIE LAÇO,AND
PRINCESAS CUTE,B
BATIZADO ESPIRITO SANTO,R
PIPAS E CATAVENTOS,E
BAILARINA,S
MILES MORALES,R
STITCH E ANGEL,J
SKYE EVEREST AQUARELA NOVA,P
STITCH E ANGEL,B
MARGARIDAS,M
MARGARIDAS,S
BENTO E TOTÓ,B
HOMEM ARANHA NOVO,J
URSINHO E URSINHA ROSA E AZUL,AND
MINNIE BRANCA,R
ARIEL,M
ONE PIECE NOVO,S
PRINCESA AURORA,P
TURMA SONIC,M
REI LEAO NOVO,S
ROBLOX,M
BEN10,J
TIANA BABY,P
VERDE COM PRATA PARABENS,E
PRINCESAS CUTE,AND
DOURADO E BRANCO DE REPENTE,R
STITCH ICE,B
HARRY POTTER NOVO,P
URSINHO POOH,AND
ROBLOX,R
NEON NOVO,P
TURMA SONIC,J
STITCH E ANGEL,AND
CARROS,B
CHÁ BB BRANCO,J
CHÁ BB BRANCO,J
FREE FIRE NOVO,J
FAZENDINHA ROSA,M
STITCH,M
SONIC AZUL,M
HELLO KITTY ROSA,B
MONSTROS S.A,AND
CHAPEUZINHO VERMELHO NOVO,M
PRINCESAS AZUL E LILAS,P
BORBOLETAS,AND
HOTWHEELS NOVO,
SKYE AQUARELA,P
CHÁ BB DOURADO,AND
ABC,AND
STITCH E ANGEL,M
MORANGUINHO ADULTA,M
ABC,M
BOLOFOFO NOVO AZUL E ROSA,AND
SITE,
GALAXIA,B
TURMA BOB ESPONJA TOPO ABACAXI,P
FAZENDINHA ROSA,B
FAZENDINHA AZUL,J
DINO ROAR,P
SAFARI VERDE NOVO,B
FUNDO DO MAR AQUARELA,J
JARDIM ENCANTADO NOVO,AND
ELO 7,
ROBLOX,M
MARSHA E O URSO AMARELO E ROSA,P
FUTEBOL,AND
AMONG US,M
BANDINHA MUSICAL,J
SHOPEE,
DRAGON BALLZ,P
CHÁ BB BRANCO,P
TROPICAL,P
TOY E BUZZ,AND
MOANA AMARELA NOVA,M
REI LEAO NOVO,M
BORBOLETAS NEON,P
BITA LARANJA,AND
GALINHA PINT CANDY,M
URSINHOS CARINHOSOS,AND
SEREIA,M
SITIO DO PICA PAU AMARELO,AND
DOURADO E PRETO DE REPENTE,P
CHÁ BB BEGE,M
TARTARUGA NINJA,M
ARIEL,AND
PINK FLORAL,M
URSINHO POOH,AND
CHA BB BEGE,AND
MY LITTLE PONY ROSA,M
SEREIA,P
CHÁ BB BEGE,P
SONIC AZUL,M
ABC,P
CHÁ BB BEGE,P
BARBIE,AND
HOMEM ARANHA NOVO,AND
FAZENDINHA VERDE,AND
STITCH E ANGEL AQUARELA,M
MORANGUINHO BABY,AND
STITCH LILAS,M
FROZEN CLASSICO,J
MARGARIDAS,P
STITCH LILAS,M
MORANGUINHO 3ANDARES,P
ABC,AND
URSINHO E URSINHA VERDE E LILAS,J
HOMEM ARANHA NOVO,M
BOLOFOFOS MINI,AND
DIVERTIDAMENTE BRANCO,M
CHA BB BRANCO,M
CHÁ BB BEGE,M
PATRULHA CANINA NOVO,M
LILLO STITCH,AND
CARRINHOS SEM O STOP,P
FAZENDINHA VERDE,P
BEN 10,P
STITCH ICE,AND
CHÁ BB VERDE E LILAS,J
BORBOLETAS LILAS,J
STITCH E ANGEL AQUARELA,AND
ARIEL,P
MORANGUINHO BABY TOPO Laura Vítoria,AND
STITCH E ANGEL,AND
TURMA BOB ESPONJA TOPO ABACAXI,M
SEREIA,M
TRONCO,
NATAL NOVO,AND
MICKEY,
CHÁ BB DOURADO,J
URSINHO MARROM,E
FUTEBOL,E
PATRULHA CANINA AQUARELA,AND
BENTO E TOTO NOVO,M
DOURADO E BRANCO DE REPENTE 60,AND
FROZEN CLASSICO,M
STITCH E ANGEL,M
DOURADO E PRETO DE REPENTE,E
SEREIA ROSA,M
BOTECO BARRIL,
SEREIA ROSA,
MORANGUINHO BABY,
STITCH E ANGEL,
HEROIS,
CHÁ BB DOURADO,J
CHÁ BB DOURADO,J
CHÁ BB DOURADO,J
CHÁ BB URSINHO BEGE,J
CÁ BB VERDE E LILAS,J
MAGALU,
SONIC AZUL,
SEREIA CUTE,
MERCADO LIVRE 22/11/24,
STITCH E ANGEL,
CHÁ BB BRANCO,
CHÁ BB BRANCO,
FROZEN,
SININHO,
BORBOLETAS AZUL,
DIVERTIDAMENTE,
STITCH ICE,
MINNIE LAÇO,
FROZEN CLASSICO,
FLASH,
TOY STORY ANTIGO,
LILLO STITCH,
MONSTER HIGH,
CHAPEUZINHO VERMELHO NOVO,
MARIA CLARA E JP,
ABC,
ARIEL CUTE,
BOLOFOFOS,
ABC,
HOMEM ARANHA BABY,
CHÁ BB BRANCO,
CHAMPIONS LEAGUE,
CHÁ BB BEGE,
BORBOLETAS AZUL,
BOB O TREM,
REI LEAO NOVO,
